1|Dufoure, Pierrette|pdufoure0@reuters.com|22.73.89.195
7|Rollings, Beverlie|brollings6@yellowbook.com|251.164.250.223
9|Boater, Jacquie|jboater8@photobucket.com|114.185.207.174
15|Cardoe, Georgiana|gcardoee@imageshack.us|23.103.101.181
17|Gehrels, Randi|rgehrelsg@goo.ne.jp|126.76.108.157
21|Gobolos, Hanna|hgobolosk@infoseek.co.jp|234.53.174.13
25|Woodrooffe, Corly|cwoodrooffeo@europa.eu|253.214.195.135
27|Fernehough, Lianna|lfernehoughq@yelp.com|220.239.212.220
29|Sansome, Merl|msansomes@pagesperso-orange.fr|239.7.167.124
39|Wildsmith, Merry|mwildsmith12@reverbnation.com|20.214.104.91
45|Medland, Arlena|amedland18@google.es|17.114.77.30
47|Schiell, Jacinda|jschiell1a@cnn.com|69.106.105.132
49|Credland, Myrta|mcredland1c@mail.ru|51.152.165.130
51|Stanesby, Taffy|tstanesby1e@godaddy.com|242.111.219.25
53|Gally, Rozelle|rgally1g@youku.com|27.156.159.104
59|Werrit, Coralie|cwerrit1m@blogtalkradio.com|193.152.65.158
61|Carlick, Kanya|kcarlick1o@google.cn|91.15.88.147
65|Saffell, Wilona|wsaffell1s@gmpg.org|200.166.237.20
67|Batchelar, Joella|jbatchelar1u@wikipedia.org|54.206.67.136
69|Halstead, Arlinda|ahalstead1w@google.ca|94.255.119.95
73|Whitefoot, Glennie|gwhitefoot20@paginegialle.it|174.108.185.242
75|Pratley, Siouxie|spratley22@free.fr|179.111.28.212
79|Mixer, Ronny|rmixer26@ovh.net|141.117.147.234
83|Barsby, Nessi|nbarsby2a@unblog.fr|196.67.40.215
85|Burbury, Adrianna|aburbury2c@qq.com|235.37.246.23
87|Kilford, Lelia|lkilford2e@topsy.com|51.183.86.250
91|Garfit, Babbette|bgarfit2i@de.vu|13.193.144.97
93|Fyndon, Costanza|cfyndon2k@smh.com.au|44.73.207.52
95|Schiesterl, Stacy|sschiesterl2m@nsw.gov.au|142.223.187.112
